{"cameraMode":{"drawMode":0,"name":"Shaded","section":"Shading Mode"},"sceneLighting":false,"audioPlay":false,"sceneViewState":{"showFog":false,"showMaterialUpdate":false,"showSkybox":false,"showFlares":false,"showImageEffects":false,"showParticleSystems":true},"in2DMode":false,"pivot":{"x":0.04825115203857422,"y":-0.2500896453857422,"z":3.5122127532958986},"rotation":{"x":0.32578766345977785,"y":0.360882431268692,"z":-0.13620728254318238,"w":0.8631767630577087},"size":18.519763946533204,"orthographic":true}