{"cameraMode":{"drawMode":0,"name":"Shaded","section":"Shading Mode"},"sceneLighting":false,"audioPlay":false,"sceneViewState":{"showFog":false,"showMaterialUpdate":false,"showSkybox":false,"showFlares":false,"showImageEffects":false,"showParticleSystems":true},"in2DMode":false,"pivot":{"x":0.04825115203857422,"y":-0.2500896453857422,"z":3.5122127532958986},"rotation":{"x":0.1423981487751007,"y":0.5561825633049011,"z":-0.09741765260696411,"w":0.8129639029502869},"size":18.519763946533204,"orthographic":false}